url,title,barcode,original_price,image_url
https://www.sainsburys.co.uk/gol-ui/product/sainsburys-crownless-pineapple,,0000000008945,,
https://www.sainsburys.co.uk/gol-ui/product/sainsburys-baby-watermelon,,0000001372434,,
https://www.sainsburys.co.uk/gol-ui/product/sainsburys-mango,,0000000049597,,
https://www.sainsburys.co.uk/gol-ui/product/sainsburys-large-pineapple,,0000000371599,,
https://www.sainsburys.co.uk/gol-ui/product/sainsburys-passion-fruit-loose,,0000000488297,,
https://www.sainsburys.co.uk/gol-ui/product/sainsburys-giant-mango-single,,0000000362559,,
https://www.sainsburys.co.uk/gol-ui/product/sainsburys-figs-140g,,0000001122893,,
https://www.sainsburys.co.uk/gol-ui/product/sainsburys-mango--ripe---ready-x2,,0000001291681,,
https://www.sainsburys.co.uk/gol-ui/product/sainsburys-medjool-dates-taste-the-difference-500g,,0000001875546,,
https://www.sainsburys.co.uk/gol-ui/product/sainsburys-medjool-dates-taste-the-difference-200g,,0000001587173,,
https://www.sainsburys.co.uk/gol-ui/product/sainsburys-deglet-nour-dates-without-stones-200g,,0000000364461,,
https://www.sainsburys.co.uk/gol-ui/product/sainsburys-physalis-100g,,0000000442220,,
https://www.sainsburys.co.uk/gol-ui/product/sainsburys-coconut,,0000000475020,,
https://www.sainsburys.co.uk/gol-ui/product/sainsburys-monkey-nuts--basics-500g,,0000001587029,,
https://www.sainsburys.co.uk/gol-ui/product/sainsburys-lychees-200g,,0000000681063,,
https://www.sainsburys.co.uk/gol-ui/product/sainsburys-zamli-dates--taste-the-difference-200g,,0000000251587,,
https://www.sainsburys.co.uk/gol-ui/product/sainsburys-easy-peelers-taste-the-difference-600g,,0000001174281,,
https://www.sainsburys.co.uk/gol-ui/product/sainsburys-lemons,,0000001271485,,
https://www.sainsburys.co.uk/gol-ui/product/sainsburys-unwaxed-lemons-x5,,0000000449991,,
https://www.sainsburys.co.uk/gol-ui/product/sainsburys-limes,,0000001271690,,
https://www.sainsburys.co.uk/gol-ui/product/sainsburys-easy-peelers-600g,,0000001246377,,
https://www.sainsburys.co.uk/gol-ui/product/sainsburys-satsumas-600g,,0000001246384,,
https://www.sainsburys.co.uk/gol-ui/product/sainsburys-limes-pack-x5,,0000001095678,,
https://www.sainsburys.co.uk/gol-ui/product/sainsburys-seedless-navel-oranges--taste-the-difference-x4,,0000001189186,,
https://www.sainsburys.co.uk/gol-ui/product/stamford-street-co.-unwaxed-lemons-x5,,0000000487450,,
https://www.sainsburys.co.uk/gol-ui/product/sainsburys-oranges-large-x4,,0000000498005,,
https://www.sainsburys.co.uk/gol-ui/product/sainsburys-red-grapefruit,,0000000042888,,
https://www.sainsburys.co.uk/gol-ui/product/stamford-street-co.-easy-peelers,,0000000420136,,
https://www.sainsburys.co.uk/gol-ui/product/sainsburys-oranges-x5,,0000000422758,,
https://www.sainsburys.co.uk/gol-ui/product/sainsburys-tangerines-600g,,0000001246391,,
https://www.sainsburys.co.uk/gol-ui/product/sainsburys-oranges,,0000000031073,,
https://www.sainsburys.co.uk/gol-ui/product/sainsburys-unwaxed-lemons--so-organic-x4,,0000001080605,,
https://www.sainsburys.co.uk/gol-ui/product/imperfectly-tasty-oranges-x5,,0000000483124,,
https://www.sainsburys.co.uk/gol-ui/product/sainsburys-easy-peeler-each-,,0000000042567,,
https://www.sainsburys.co.uk/gol-ui/product/sainsburys-white-grapefruit,,0000000042949,,
https://www.sainsburys.co.uk/gol-ui/product/sainsburys-easy-peelers-so-organic-x4,,0000000262682,,
https://www.sainsburys.co.uk/gol-ui/product/sainsburys-british-strawberries-400g-8109372-p-44,,0000001835366,,
https://www.sainsburys.co.uk/gol-ui/product/sainsburys-british-raspberries--150g,,0000000352642,,
https://www.sainsburys.co.uk/gol-ui/product/sainsburys-blueberries-150g,,0000000328180,,
https://www.sainsburys.co.uk/gol-ui/product/sainsburys-blueberries-300g,,0000000358415,,
https://www.sainsburys.co.uk/gol-ui/product/sainsburys-blueberries-500g,,0000000360067,,
https://www.sainsburys.co.uk/gol-ui/product/sainsburys-strawberries-taste-the-difference,,0000000381208,,
https://www.sainsburys.co.uk/gol-ui/product/sainsburys-cherries-250g,,0000000362566,,
https://www.sainsburys.co.uk/gol-ui/product/sainsburys-raspberries--taste-the-difference-150g,,0000001835342,,
https://www.sainsburys.co.uk/gol-ui/product/sainsburys-blackberries--sweet-150g,,0000001848632,,
https://www.sainsburys.co.uk/gol-ui/product/sainsburys-blueberries--so-organic-150g,,0000000328227,,
https://www.sainsburys.co.uk/gol-ui/product/sainsburys-cherries-500g,,0000001507102,,
https://www.sainsburys.co.uk/gol-ui/product/sainsburys-mixed-grapes-900g,,0000000377270,,
https://www.sainsburys.co.uk/gol-ui/product/sainsburys-british-strawberries-250g,,0000000489843,,
https://www.sainsburys.co.uk/gol-ui/product/sainsburys-blueberries-taste-the-difference,,0000000487528,,
https://www.sainsburys.co.uk/gol-ui/product/sainsburys-raspberries-250g,,0000000335751,,
https://www.sainsburys.co.uk/gol-ui/product/sainsburys-blackberries--tangy-225g,,0000000260732,,
https://www.sainsburys.co.uk/gol-ui/product/sainsburys-cherry-taste-the-difference-250g,,0000000527941,,
https://www.sainsburys.co.uk/gol-ui/product/sainsburys-strawberries-taste-the-difference-400g,,0000000363143,,
https://www.sainsburys.co.uk/gol-ui/product/sainsburys-courgettes-loose,,0000000040679,,
https://www.sainsburys.co.uk/gol-ui/product/sainsburys-courgettes-500g,,0000001253665,,
https://www.sainsburys.co.uk/gol-ui/product/sainsburys-garlic,,0000000006118,,
https://www.sainsburys.co.uk/gol-ui/product/sainsburys-sweet-potatoes-loose,,0000000040914,,
https://www.sainsburys.co.uk/gol-ui/product/sainsburys-sweet-potatoes-125kg,,0000001191417,,
https://www.sainsburys.co.uk/gol-ui/product/sainsburys-garlic-x4,,0000001795257,,
https://www.sainsburys.co.uk/gol-ui/product/sainsburys-root-ginger-loose,,2683340000008,,
https://www.sainsburys.co.uk/gol-ui/product/sainsburys-pak-choi-250g,,0000000503815,,
https://www.sainsburys.co.uk/gol-ui/product/sainsburys-butternut-squash-loose,,2618850000002,,
https://www.sainsburys.co.uk/gol-ui/product/sainsburys-beansprouts-400g,,0000001273649,,
https://www.sainsburys.co.uk/gol-ui/product/sainsburys-ginger-100g,,0000000006392,,
https://www.sainsburys.co.uk/gol-ui/product/sainsburys-cavolo-nero--taste-the-difference-200g,,0000001750812,,
https://www.sainsburys.co.uk/gol-ui/product/sainsburys-passion-fruit-loose,,0000000488297,,
https://www.sainsburys.co.uk/gol-ui/product/sainsburys-ready-to-roast-mediterranean-style-vegetables-400g,,0000001199376,,
https://www.sainsburys.co.uk/gol-ui/product/sainsburys-fennel-loose,,0000000035262,,
https://www.sainsburys.co.uk/gol-ui/product/sainsburys-mixed-chillis-80g,,0000000313377,,
https://www.sainsburys.co.uk/gol-ui/product/sainsburys-garlic--so-organic-x3,,0000000420655,,
https://www.sainsburys.co.uk/gol-ui/product/sainsburys-bird-eye-chillies-red-or-green-20g,,0000001038958,,
https://www.sainsburys.co.uk/gol-ui/product/sainsburys-chinese-leaf-lettuce,,0000001040517,,
https://www.sainsburys.co.uk/gol-ui/product/sainsburys-finger-chillies-80g,,0000001473292,,
https://www.sainsburys.co.uk/gol-ui/product/sainsburys-green-chillies-65g,,0000000313360,,
https://www.sainsburys.co.uk/gol-ui/product/sainsburys-edamame-beans-175g,,0000000265324,,
https://www.sainsburys.co.uk/gol-ui/product/sainsburys-baby-courgettes-200g,,0000001184648,,
https://www.sainsburys.co.uk/gol-ui/product/sainsburys-white-chicory-250g,,0000000300100,,
https://www.sainsburys.co.uk/gol-ui/product/sainsburys-butternut-squash-so-organic-loose,,2664600000006,,
https://www.sainsburys.co.uk/gol-ui/product/sainsburys-okra-175g,,0000000422185,,
https://www.sainsburys.co.uk/gol-ui/product/stamford-street-co-courgettes-1kg,,0000000354417,,
https://www.sainsburys.co.uk/gol-ui/product/sainsburys-baking-sweet-potatoes-x2,,0000000194433,,
https://www.sainsburys.co.uk/gol-ui/product/sainsburys-choi-sum-200g,,0000001111101,,
https://www.sainsburys.co.uk/gol-ui/product/sainsburys-baby-aubergines-200g,,0000001127317,,
https://www.sainsburys.co.uk/gol-ui/product/sainsburys-rainbow-chard-200g,,0000000310048,,
https://www.sainsburys.co.uk/gol-ui/product/sainsburys-fresh-turmeric-100g,,0000000129701,,
https://www.sainsburys.co.uk/gol-ui/product/sainsburys-samphire-90g,,0000000471381,,
https://www.sainsburys.co.uk/gol-ui/product/sainsburys-british-zephyr-courgettes-taste-the-difference,,0000000470209,,
https://www.sainsburys.co.uk/gol-ui/product/sainsburys-rocket-chillies,,0000001641226,,
https://www.sainsburys.co.uk/gol-ui/product/sainsburys-white-flesh-sweet-potatoes-750g,,0000000194419,,
https://www.sainsburys.co.uk/gol-ui/product/hipp-organic-sweet-squash---chicken-125g,,4062300037731,,
https://www.sainsburys.co.uk/gol-ui/product/hipp-baby-main-course--vegetables--rice---chicken-125g,,4062300253414,,
https://www.sainsburys.co.uk/gol-ui/product/heinz-by-nature-cheese-tomato-pasta-stars-7-months-200g,,5000157140470,,
https://www.sainsburys.co.uk/gol-ui/product/hipp-baby-dessert--apple---pear-pudding-125g,,4062300270411,,
https://www.sainsburys.co.uk/gol-ui/product/heinz-by-nature-pasta-bake-with-tuna-7-months-200g,,5000157140548,,
https://www.sainsburys.co.uk/gol-ui/product/heinz-7-months-by-nature-sunday-chicken-dinner-200g,,5000157140562,,
https://www.sainsburys.co.uk/gol-ui/product/hipp-organic-apple-banana-crumble-7-months-160g,,4062300444454,,
https://www.sainsburys.co.uk/gol-ui/product/hipp-organic-rice-pudding-with-apple-pear-7-months-160g,,4062300319189,,
https://www.sainsburys.co.uk/gol-ui/product/hipp-organic-star-pasta-with-sweet-squash---chicken--from-7-months-190g,,4062300163003,,
https://www.sainsburys.co.uk/gol-ui/product/hipp-organic-mango---banana-with-yogurt-160g,,4062300083561,,
https://www.sainsburys.co.uk/gol-ui/product/hipp-org-banana-rice-breakfast-125g,,4062300292468,,
https://www.sainsburys.co.uk/gol-ui/product/hipp-organic-baby-main-course--vegetables-with-noodles---chicken-190g,,4062300368422,,
https://www.sainsburys.co.uk/gol-ui/product/hipp-org-creamy-porridge-160g,,4062300292659,,
https://www.sainsburys.co.uk/gol-ui/product/cow-gate-banana-porridge-baby-cereal-125g,,3041091431998,,
https://www.sainsburys.co.uk/gol-ui/product/heinz-cauliflower-broccoli-cheese-120g,,5000157140449,,
https://www.sainsburys.co.uk/gol-ui/product/hipp-organic-banana-blueberry-porridge-7-months-160g,,4062300444331,,
https://www.sainsburys.co.uk/gol-ui/product/hipp-organic-spaghetti-with-tomatoes---mozzarella-190g,,4062300323421,,
https://www.sainsburys.co.uk/gol-ui/product/hipp-organic-baby-main-course--vegetable-lasagne-190g,,4062300326422,,
https://www.sainsburys.co.uk/gol-ui/product/heinz-7-months-by-nature-mango-chicken-curry-200g,,5000157140494,,
https://www.sainsburys.co.uk/gol-ui/product/heinz-by-nature-cheesy-tomato-pasta-4-months-120g,,5000157140456,,
https://www.sainsburys.co.uk/gol-ui/product/heinz-by-nature-spaghetti-bolognese-7-months-200g,,5000157140555,,
https://www.sainsburys.co.uk/gol-ui/product/cow-gate-red-berry-wholegrain-porridge-baby-cereal-200g,,3041091431745,,
https://www.sainsburys.co.uk/gol-ui/product/heinz-beef-sweet-potato-mash-120g,,5000157140432,,
https://www.sainsburys.co.uk/gol-ui/product/heinz-by-nature-saucy-pasta-stars-with-beans-carrot-7-months-200g,,5000157145680,,
https://www.sainsburys.co.uk/gol-ui/product/aptamil-organic-banana-strawberry-porridge-6-months-180g,,3041091645869,,
https://www.sainsburys.co.uk/gol-ui/product/hipp-organic-macaroni-cheese-with-carrots-peas-baby-food-jar-7-months-190g,,4062300403710,,
https://www.sainsburys.co.uk/gol-ui/product/heinz-potato-bake-with-green-beans-sweet-garden-peas-7-months-200g,,5000157145703,,
https://www.sainsburys.co.uk/gol-ui/product/heinz-by-nature-sweet-potato-tender-chicken-4-months-120g,,5000157140463,,
https://www.sainsburys.co.uk/gol-ui/product/hipp-organic-stage-1--banana--yoghurt-breakfast-125g,,4062300026049,,
https://www.sainsburys.co.uk/gol-ui/product/hipp-organic-baby--creamed-porridge-125g,,4062300871410,,
https://www.sainsburys.co.uk/gol-ui/product/heinz-egg-custard-120g,,5000157140326,,
https://www.sainsburys.co.uk/gol-ui/product/heinz-by-nature-egg-custard-4-months-6-x-120g,,5000157140159,,
https://www.sainsburys.co.uk/gol-ui/product/heinz-risotto-with-chickpeas-pumpkin-7-months-200g,,5000157145697,,
https://www.sainsburys.co.uk/gol-ui/product/heinz-apple-yoghurt-120g,,5000157144102,,
https://www.sainsburys.co.uk/gol-ui/product/heinz-by-nature-creamed-porridge-4-months-120g,,5000157140319,,
https://www.sainsburys.co.uk/gol-ui/product/heinz-by-nature-rice-pudding-4-months-6-x-120g,,5000157140166,,
https://www.sainsburys.co.uk/gol-ui/product/arla-big-milk-2l,,5000181035179,,
https://www.sainsburys.co.uk/gol-ui/product/alpro-oat-growing-up-long-life-drink-1l,,5411188135289,,
https://www.sainsburys.co.uk/gol-ui/product/alpro-junior-1-soya-milk-alternative-1l,,5411188091660,,
https://www.sainsburys.co.uk/gol-ui/product/alpro-growing-up-drink-soya-1-3-3x250ml,,5411188121763,,
https://www.sainsburys.co.uk/gol-ui/product/aptamil-growing-up-milk-1-ready-to-feed-200ml,,8712400682060,,
https://www.sainsburys.co.uk/gol-ui/product/kendamil-classic-toddler-milk-800g,,5056000505934,,
https://www.sainsburys.co.uk/gol-ui/product/aptamil-advanced-3-toddler-milk-powder-800g,,8718117611928,,
https://www.sainsburys.co.uk/gol-ui/product/hipp-organic-growing-up-milk-600g,,4062300139534,,
https://www.sainsburys.co.uk/gol-ui/product/cow---gate-growing-up-milk-1-ready-to-feed-200ml,,8712400682107,,
https://www.sainsburys.co.uk/gol-ui/product/kendamil-organic-toddler-milk-stage-3-12-36-months-800g,,5056000501516,,
https://www.sainsburys.co.uk/gol-ui/product/cow---gate-growing-up-milk--2-years-800g,,5051594001930,,
https://www.sainsburys.co.uk/gol-ui/product/sma-3-toddler-milk-800g,,7613037001587,,
https://www.sainsburys.co.uk/gol-ui/product/aptamil-growing-up-milk-2-800g,,5051594001954,,
https://www.sainsburys.co.uk/gol-ui/product/hipp-growing-up-milk-200ml,,4062300346079,,
https://www.sainsburys.co.uk/gol-ui/product/sma-3-toddler-milk--ready-to-use-200ml,,0000050478767,,
https://www.sainsburys.co.uk/gol-ui/product/cow---gate-growing-up-milk-1-years-ready-to-feed-1-litre,,5051594002227,,
https://www.sainsburys.co.uk/gol-ui/product/aptamil-1-first-baby-milk-formula-liquid-from-birth-multipack-6x200ml,,5051594009233,,
https://www.sainsburys.co.uk/gol-ui/product/cow-gate-first-infant-milk-from-birth-6x200ml,,5051594009196,,
https://www.sainsburys.co.uk/gol-ui/product/cow-gate-2-follow-on-baby-milk-formula-multipack-6x200ml,,5051594009219,,
https://www.sainsburys.co.uk/gol-ui/product/aptamil-1-first-baby-milk-formula-from-birth-200ml-3560884-p,,8712400556958,,
https://www.sainsburys.co.uk/gol-ui/product/aptamil-profutura-1-first-baby-milk-formula-from-birth-200ml-7780230-p,,8716900570254,,
https://www.sainsburys.co.uk/gol-ui/product/aptamil-1-first-baby-milk-formula-from-birth-1l-7568740-p,,5051594002692,,
https://www.sainsburys.co.uk/gol-ui/product/cow---gate-1-first-baby-milk-formula-from-birth-1l-7568659-p,,5051594002630,,
https://www.sainsburys.co.uk/gol-ui/product/aptamil-1-first-baby-milk-formula-starter-pack-from-birth-6x70ml-7568752-p,,5051594002814,,
https://www.sainsburys.co.uk/gol-ui/product/aptamil-3-follow-on-milk-ready-to-feed-200ml,,8712400556972,,
https://www.sainsburys.co.uk/gol-ui/product/cow---gate-2-follow-on-baby-milk-formula-200ml-3149867-p,,8716900559280,,
https://www.sainsburys.co.uk/gol-ui/product/cow---gate-1-first-baby-milk-formula-starter-pack-from-birth-6x70ml-7702140-p,,5051594003620,,
https://www.sainsburys.co.uk/gol-ui/product/cow---gate-1-first-baby-milk-formula-from-birth-200ml-3149843-p,,8712400557924,,
https://www.sainsburys.co.uk/gol-ui/product/apt-profutura-first-starter-pk-6x70ml,,5051594004313,,
https://www.sainsburys.co.uk/gol-ui/product/john-west-spreadables-tuna-mayonnaise-corn-80g,,0000050171071,,
https://www.sainsburys.co.uk/gol-ui/product/sainsburys-salmon-haddock-paste-75g,,0000000310406,,
https://www.sainsburys.co.uk/gol-ui/product/sainsburys-sardines-in-spring-water-120g,,0000001005912,,
https://www.sainsburys.co.uk/gol-ui/product/sainsburys-sardines--in-tomato-sauce-120g,,0000000085939,,
https://www.sainsburys.co.uk/gol-ui/product/sainsburys-sardines--in-sunflower-oil-120g,,0000000441568,,
https://www.sainsburys.co.uk/gol-ui/product/sainsburys-sardines-skinless-boneless-in-olive-oil-120g,,0000000391078,,
https://www.sainsburys.co.uk/gol-ui/product/john-west-boneless-sardines-in-olive-oil-95g,,5000171053015,,
https://www.sainsburys.co.uk/gol-ui/product/john-west-sardines-in-tomato-sauce--skinless---boneless-95g,,5000171033635,,
https://www.sainsburys.co.uk/gol-ui/product/sainsburys-sardines--in-brine-120g,,0000000183468,,
https://www.sainsburys.co.uk/gol-ui/product/sainsburys-portuguese-sardines--skinless---boneless-in-tomato-sauce-120g,,0000001252781,,
https://www.sainsburys.co.uk/gol-ui/product/john-west-sardines-in-tomato-sauce-120g,,5000171010209,,
https://www.sainsburys.co.uk/gol-ui/product/john-west-sardines-in-sunflower-oil-skinless---boneless-95g,,5000171033628,,
https://www.sainsburys.co.uk/gol-ui/product/john-west-sardines-in-sunflower-oil-120g,,5000171030696,,
https://www.sainsburys.co.uk/gol-ui/product/parmentier-sardines-in-olive-oil-provencal-herbs-135g,,3019081238681,,
https://www.sainsburys.co.uk/gol-ui/product/sea-castle-sardines-in-pure-olive-oil-125g,,0040822043007,,
https://www.sainsburys.co.uk/gol-ui/product/parmentier-sardines-with-chilli-in-olive-oil-135g,,3019081238650,,
https://www.sainsburys.co.uk/gol-ui/product/parmentier-sardines-in-tomato-sauce-135g,,3019081238704,,
https://www.sainsburys.co.uk/gol-ui/product/brunswick-canadian-style-sardines-in-soya-oil-106g,,0066613037017,,
https://www.sainsburys.co.uk/gol-ui/product/sainsburys-spaghetti-500g,,0000001167061,,
https://www.sainsburys.co.uk/gol-ui/product/sainsburys-spaghetti--wholewheat-500g,,0000000033312,,
https://www.sainsburys.co.uk/gol-ui/product/hubbards-foodstore-spaghetti-1kg,,0000000359627,,
https://www.sainsburys.co.uk/gol-ui/product/sainsburys-spaghetti-1kg,,0000003200452,,
https://www.sainsburys.co.uk/gol-ui/product/napolina-spaghetti-500g,,5000232024602,,
https://www.sainsburys.co.uk/gol-ui/product/de-cecco-spaghetti-500g,,8001250120120,,
https://www.sainsburys.co.uk/gol-ui/product/sainsburys-deliciously-freefrom-spaghetti-500g,,0000000227421,,
https://www.sainsburys.co.uk/gol-ui/product/barilla-spaghetti-pasta-500g,,8076800195057,,
https://www.sainsburys.co.uk/gol-ui/product/sainsburys-italian-quick-cook-spaghetti-500g,,0000000359023,,
https://www.sainsburys.co.uk/gol-ui/product/sainsburys-pappardelle--taste-the-difference-500g-7795260-p-44,,0000000234313,,
https://www.sainsburys.co.uk/gol-ui/product/sainsburys-bucatini-spaghetti-taste-the-difference-500g,,0000000359597,,
https://www.sainsburys.co.uk/gol-ui/product/sainsburys-spaghetti--organic-500g,,0000001189506,,
https://www.sainsburys.co.uk/gol-ui/product/napolina-wholewheat-spaghetti-500g,,5000232831316,,
https://www.sainsburys.co.uk/gol-ui/product/barilla-gluten-free-spaghetti-n5-400g,,8076809545440,,
https://www.sainsburys.co.uk/gol-ui/product/napolina-spaghetti-1kg-7974491-p-44,,5000232823267,,
https://www.sainsburys.co.uk/gol-ui/product/sainsburys-italian-vermicelli-500g,,0000000666695,,
https://www.sainsburys.co.uk/gol-ui/product/sainsburys-wholegrain-spelt-spaghetti-500g,,0000000126816,,
https://www.sainsburys.co.uk/gol-ui/product/sainsburys-wholewheat-spaghetti--organic-500g,,0000001277661,,
https://www.sainsburys.co.uk/gol-ui/product/lubella-little-squares-pasta-250g,,5900049011119,,
https://www.sainsburys.co.uk/gol-ui/product/sainsburys-spaghetti-3kg-7650190-p-44,,0000000126663,,
https://www.sainsburys.co.uk/gol-ui/product/tuscanini-spaghetti-pasta-454g,,0710069303201,,
https://www.sainsburys.co.uk/gol-ui/product/sainsburys-lasagne-sheets-500g,,0000001066005,,
https://www.sainsburys.co.uk/gol-ui/product/sainsburys-conchiglie-shells-500g,,0000000321570,,
https://www.sainsburys.co.uk/gol-ui/product/sainsburys-roasted-vegetable-lasagne-taste-the-difference-400g,,0000000440479,,
https://www.sainsburys.co.uk/gol-ui/product/sainsburys-wholewheat-lasagne-500g,,0000000126502,,
https://www.sainsburys.co.uk/gol-ui/product/sainsburys-cannelloni-250g,,0000001111095,,
https://www.sainsburys.co.uk/gol-ui/product/sainsburys-deliciously-freefrom-lasagne-sheets-250g,,0000000230803,,
https://www.sainsburys.co.uk/gol-ui/product/barilla-lasagne-pasta-500g,,8076809523738,,
https://www.sainsburys.co.uk/gol-ui/product/sacla-freefrom-basil-pesto-190g,,8001060024649,,
https://www.sainsburys.co.uk/gol-ui/product/heinz-tomato-ketchup-300ml,,0000050157655,,
https://www.sainsburys.co.uk/gol-ui/product/tabasco-pepper-sauce-57ml,,0011210115255,,
https://www.sainsburys.co.uk/gol-ui/product/yutaka-tamari-soy-sauce--organic-150ml,,5014276308505,,
https://www.sainsburys.co.uk/gol-ui/product/blue-dragon-sqz-sweet-chilli-sauce-380g,,5010338015886,,
https://www.sainsburys.co.uk/gol-ui/product/nandos-medium-peri-peri-sauce-125ml,,6003770000953,,
https://www.sainsburys.co.uk/gol-ui/product/kikkoman-naturally-brewed-tamari-soy-sauce--gluten-free-250ml,,8715035150300,,
https://www.sainsburys.co.uk/gol-ui/product/sacla-vegan-tomato-pesto-%E2%80%93-allergy-update-190g,,8001060024823,,
https://www.sainsburys.co.uk/gol-ui/product/heinz-vegan-mayo-775g,,8715700123691,,
https://www.sainsburys.co.uk/gol-ui/product/sweet-baby-rays-original-bbq-sauce-510g,,5060440350009,,
https://www.sainsburys.co.uk/gol-ui/product/nandos-peri-peri-marinade--medium-270g,,6003770007099,,
https://www.sainsburys.co.uk/gol-ui/product/nandos-garlic-peri-peri-sauce-125ml,,6003770000199,,
https://www.sainsburys.co.uk/gol-ui/product/nandos-lemon---herb-peri-peri-sauce-125ml,,6003770002407,,
https://www.sainsburys.co.uk/gol-ui/product/tracklements-recipe-no-24-creamy-tartare-sauce-160g,,5019378000180,,
https://www.sainsburys.co.uk/gol-ui/product/tracklements-recipe-no-2-caramelised-onion-marmalade-210g,,5019378002375,,
https://www.sainsburys.co.uk/gol-ui/product/blue-dragon-reduced-sugar-thai-sweet-chilli-sauce-380g-7759308-p,,5010338071134,,
https://www.sainsburys.co.uk/gol-ui/product/tracklements-recipe-no-71-apple-cider-brandy-chutney-200g,,5019378003112,,
https://www.sainsburys.co.uk/gol-ui/product/tabasco-mild-green-pepper-sauce-57ml,,5000347040023,,
https://www.sainsburys.co.uk/gol-ui/product/tracklements-recipe-no-17-indian-mango-chutney-210g,,5019378000487,,
https://www.sainsburys.co.uk/gol-ui/product/nandos-hot-peri-peri-sauce-125ml,,6003770000519,,
https://www.sainsburys.co.uk/gol-ui/product/baxters-sauerkraut-fermented-cabbage-480g,,5012427642102,,
https://www.sainsburys.co.uk/gol-ui/product/hendersons-relish-284ml,,5021016990999,,
https://www.sainsburys.co.uk/gol-ui/product/baking-buddy-pumpkin-425g,,5060638520184,,
https://www.sainsburys.co.uk/gol-ui/product/tracklements-recipe-no-54-tomato-chilli-chutney-190g,,5019378002290,,
https://www.sainsburys.co.uk/gol-ui/product/inferno-horseradish-cream-sauce-170g,,5060101160183,,
https://www.sainsburys.co.uk/gol-ui/product/tracklements-recipe-no-14-particularly-british-piccalilli-170g,,5019378001255,,
https://www.sainsburys.co.uk/gol-ui/product/nandos-xxhot-peri-peri-sauce-125g,,6003770002520,,
https://www.sainsburys.co.uk/gol-ui/product/gran-luchito-chipotle-chilli-paste-100g,,0000096117156,,
https://www.sainsburys.co.uk/gol-ui/product/mahi-bhut-jolokia-165g,,5060003830306,,
https://www.sainsburys.co.uk/gol-ui/product/baxters-sliced-gherkins-crunchy-tangy-540g,,5012427655201,,
https://www.sainsburys.co.uk/gol-ui/product/perell%C3%B3-manzanilla-picante-350g,,8437008051499,,
https://www.sainsburys.co.uk/gol-ui/product/baxters-silverskin-onions-440g,,5012427660502,,
https://www.sainsburys.co.uk/gol-ui/product/chef-brown-sauce-330g,,5011005056492,,
https://www.sainsburys.co.uk/gol-ui/product/sainsburys-deliciously-freefrom-fusilli-500g,,0000000227414,,
https://www.sainsburys.co.uk/gol-ui/product/sainsburys-deliciously-freefrom-penne-500g,,0000000227377,,
https://www.sainsburys.co.uk/gol-ui/product/sainsburys-deliciously-freefrom-spaghetti-500g,,0000000227421,,
https://www.sainsburys.co.uk/gol-ui/product/sainsburys-red-lentil-penne-250g,,0000000359566,,
https://www.sainsburys.co.uk/gol-ui/product/sainsburys-green-pea-fusilli-250g,,0000000359559,,
https://www.sainsburys.co.uk/gol-ui/product/sainsburys-buckwheat-penne-250g,,0000000359542,,
https://www.sainsburys.co.uk/gol-ui/product/doves-farm-gluten-free-organic-brown-rice-spaghetti-500g,,5011766666237,,
https://www.sainsburys.co.uk/gol-ui/product/sainsburys-deliciously-freefrom-lasagne-sheets-250g,,0000000230803,,
https://www.sainsburys.co.uk/gol-ui/product/sainsburys-deliciously-free-from-macaroni-500g,,0000000289689,,
https://www.sainsburys.co.uk/gol-ui/product/sainsburys-deliciously-free-from-tagliatelle-250g,,0000000296410,,
https://www.sainsburys.co.uk/gol-ui/product/sainsburys-free-from-casarecca-pasta-taste-the-difference-500g,,0000000366014,,
https://www.sainsburys.co.uk/gol-ui/product/old-el-paso-fajita-seasoning-mix-35g,,8410076491602,,
https://www.sainsburys.co.uk/gol-ui/product/sainsburys-garlic-granules-56g,,0000000221177,,
https://www.sainsburys.co.uk/gol-ui/product/sainsburys-fajita-spice-mix-30g,,0000000322003,,
https://www.sainsburys.co.uk/gol-ui/product/sainsburys-smoked-paprika-44g,,0000000222952,,
https://www.sainsburys.co.uk/gol-ui/product/sainsburys-fajita-kit-470g,,0000000322027,,
https://www.sainsburys.co.uk/gol-ui/product/old-el-paso-taco-seasoning-mix-35g,,5000102001641,,
https://www.sainsburys.co.uk/gol-ui/product/sainsburys-ground-cumin-43g,,0000000223638,,
https://www.sainsburys.co.uk/gol-ui/product/sainsburys-onion-granules-58g,,0000000224789,,
https://www.sainsburys.co.uk/gol-ui/product/sainsburys-cayenne-pepper,,0000000221672,,
https://www.sainsburys.co.uk/gol-ui/product/sainsburys-crushed-chillies-32g-7778347-p-44,,0000000224802,,
https://www.sainsburys.co.uk/gol-ui/product/sainsburys-mild-chilli-powder-44g-7778239-p-44,,0000000224451,,
https://www.sainsburys.co.uk/gol-ui/product/old-el-paso-chilli-seasoning-mix-39g,,5000102001658,,
https://www.sainsburys.co.uk/gol-ui/product/sainsburys-chipotle-chilli-flakes-45g,,0000000221658,,
https://www.sainsburys.co.uk/gol-ui/product/sainsburys-hot-chilli-powder-44g,,0000000224475,,
https://www.sainsburys.co.uk/gol-ui/product/capsicana-mexican-smoked-cumin-chipotle-for-fajitas-seasoning-mix-28g,,5060230050157,,
https://www.sainsburys.co.uk/gol-ui/product/old-el-paso-roasted-tomato---pepper-spice-mix-30g,,8410076490780,,
https://www.sainsburys.co.uk/gol-ui/product/sainsburys-ancho-chilli-flakes-27g,,0000000221542,,
https://www.sainsburys.co.uk/gol-ui/product/capsicana-tasty-taco-seasoning-mix-28g,,5060230050294,,
https://www.sainsburys.co.uk/gol-ui/product/sainsburys-hot-paprika-44g,,0000000223140,,
https://www.sainsburys.co.uk/gol-ui/product/capsicana-latin-flavour-argentinian-garlic-paprika-seasoning-mix-28g,,5382762678983,,
https://www.sainsburys.co.uk/gol-ui/product/sainsburys-tortilla-chips-200g,,0000000164429,,
https://www.sainsburys.co.uk/gol-ui/product/sainsburys-tortilla-chips-chilli-200g,,0000001707892,,
https://www.sainsburys.co.uk/gol-ui/product/old-el-paso-refried-beans-435g,,8727200500209,,
https://www.sainsburys.co.uk/gol-ui/product/old-el-paso-jalapenos-215g,,8727200501046,,
https://www.sainsburys.co.uk/gol-ui/product/old-el-paso-thick-n-chunky-salsa--hot-226g,,0046000283241,,
https://www.sainsburys.co.uk/gol-ui/product/old-el-paso-nacho-kit-520g,,8727200221029,,
https://www.sainsburys.co.uk/gol-ui/product/sainsburys-nachos-kit-500g,,0000001773354,,
https://www.sainsburys.co.uk/gol-ui/product/old-el-paso-squeezy-sour-cream-230g,,8410076421098,,
https://www.sainsburys.co.uk/gol-ui/product/old-el-paso-squeezy-salsa-238g,,8410076421081,,
https://www.sainsburys.co.uk/gol-ui/product/old-el-paso-squeezy-guacamole-240g,,8410076421074,,
https://www.sainsburys.co.uk/gol-ui/product/old-el-paso-black-beans-400g,,8410076460585,,
https://www.sainsburys.co.uk/gol-ui/product/laila-basmati-rice-10kg,,5020580400200,,
https://www.sainsburys.co.uk/gol-ui/product/laila-basmati-rice-5kg,,5020580400156,,
https://www.sainsburys.co.uk/gol-ui/product/mai-thai-aaa-jasmine-rice-5kg,,5020580360238,,
https://www.sainsburys.co.uk/gol-ui/product/lancashire-farm-probiotic-whole-milk-1kg,,5035251000191,,
https://www.sainsburys.co.uk/gol-ui/product/polish-specialities-pickled-cucumbers-900g,,5907556420021,,
https://www.sainsburys.co.uk/gol-ui/product/fudco-cashew-nuts-500g,,5025042021740,,
https://www.sainsburys.co.uk/gol-ui/product/fudco-deluxe-assorted-nut-mix-500g,,5025042021733,,
https://www.sainsburys.co.uk/gol-ui/product/rubicon-sparkling-mango-juice-drink-2l--7751225-p,,5000382033066,,
https://www.sainsburys.co.uk/gol-ui/product/lancashire-farm-greek-yogurt-1kg,,5035251001310,,
https://www.sainsburys.co.uk/gol-ui/product/shana-paratha-multi-pack,,5030039005511,,
https://www.sainsburys.co.uk/gol-ui/product/tilda-basmati-rice-5kg,,5011157030401,,
https://www.sainsburys.co.uk/gol-ui/product/azeem-halal-chicken-breast-fillets-1kg,,4052485000002,,
https://www.sainsburys.co.uk/gol-ui/product/polish-specialities-sauerkraut-with-carrot-900g,,5907556420052,,
https://www.sainsburys.co.uk/gol-ui/product/value-pack-chapatti-800g,,5030039005528,,
https://www.sainsburys.co.uk/gol-ui/product/fudco-pistachio-nuts-jumbo-500g,,5025042021757,,
https://www.sainsburys.co.uk/gol-ui/product/squid-brand-fish-sauce-725ml,,8850620888203,,
https://www.sainsburys.co.uk/gol-ui/product/laciate-32-uht-milk-1l,,5900820000011,,
https://www.sainsburys.co.uk/gol-ui/product/tilda-basmati-rice-10kg,,5011157030500,,
https://www.sainsburys.co.uk/gol-ui/product/fudco-almonds-500g,,5025042016456,,
https://www.sainsburys.co.uk/gol-ui/product/elswood-whole-sweet-cucumber-670g,,5000409000170,,
https://www.sainsburys.co.uk/gol-ui/product/laila-brown-basmati-rice-2kg,,5020580410483,,
https://www.sainsburys.co.uk/gol-ui/product/mrs-elswood-sweet-pickled-cucumber-spears-670g,,6248695175335,,
https://www.sainsburys.co.uk/gol-ui/product/fudco-himalayan-pink-salt-500g,,5025042030056,,
https://www.sainsburys.co.uk/gol-ui/product/taj-mogo-chips-1kg,,7861139900196,,
https://www.sainsburys.co.uk/gol-ui/product/henna-very-low-fat-yoghurt-1kg,,5035251000207,,
https://www.sainsburys.co.uk/gol-ui/product/natco-semolina-coarse-15kg,,5013531820158,,
https://www.sainsburys.co.uk/gol-ui/product/pakeeza-mango-lassi-1kg,,5035251000085,,
https://www.sainsburys.co.uk/gol-ui/product/laciate-20-uht-milk-1l,,5900820000042,,
https://www.sainsburys.co.uk/gol-ui/product/elephant-atta-10kg,,5019326785558,,
https://www.sainsburys.co.uk/gol-ui/product/fudco-deluxe-nut---raisin-mix-500g,,5025042026189,,
https://www.sainsburys.co.uk/gol-ui/product/trophy-indian-basmati-rice-10kg,,8901047011238,,
https://www.sainsburys.co.uk/gol-ui/product/trophy-indian-basmati-rice-5kg,,8901047011054,,
https://www.sainsburys.co.uk/gol-ui/product/rubicon-still-mango-juice-drink-4x1l--6547384-p,,5011898047072,,
https://www.sainsburys.co.uk/gol-ui/product/kedem-concord-grape-juice-650ml,,0073490000003,,
https://www.sainsburys.co.uk/gol-ui/product/taijade-shaohsing-rice-wine-600ml,,4711588210106,,
https://www.sainsburys.co.uk/gol-ui/product/ktc-rapeseed-oil-1l,,5013635116614,,
https://www.sainsburys.co.uk/gol-ui/product/natco-semolina-fine-15kg,,5013531820042,,
https://www.sainsburys.co.uk/gol-ui/product/natural-gold-grape-juice-650ml,,0073490000010,,
https://www.sainsburys.co.uk/gol-ui/product/mrs-elswood-sweet---sour-cucumbers-670g,,0000050409020,,
https://www.sainsburys.co.uk/gol-ui/product/kedem-blush-grape-juice-650ml,,0073490128370,,
https://www.sainsburys.co.uk/gol-ui/product/natco-rice-flour-15kg,,5013531350631,,
https://www.sainsburys.co.uk/gol-ui/product/kubus-carrot--banana---apple-drink-900ml,,5901067404518,,
https://www.sainsburys.co.uk/gol-ui/product/ktc-blended-olive-oil-5l,,5013635101740,,
https://www.sainsburys.co.uk/gol-ui/product/tymbark-apple-cherry-drink-2l,,5900334006233,,
https://www.sainsburys.co.uk/gol-ui/product/kubus-carrot-raspberry---apple-drink-900ml,,5901067404525,,
https://www.sainsburys.co.uk/gol-ui/product/ktc-blended-olive-pomace-oil-1l,,5013635101825,,
https://www.sainsburys.co.uk/gol-ui/product/grace-aloe-vera-water-natural-15l,,5035139217697,,
https://www.sainsburys.co.uk/gol-ui/product/kettle-sea-salt-cruished-black-peppercorns-potato-chips-130g,,5017764004019,,
https://www.sainsburys.co.uk/gol-ui/product/nakd-cocoa-hazelnut-protein-bars-3x45g,,5060088700112,,
https://www.sainsburys.co.uk/gol-ui/product/kelloggs-variety-packs-x8-196g,,5059319031088,,
https://www.sainsburys.co.uk/gol-ui/product/nakd-peanut-butter-protein-bars-3x45g,,5060088700099,,
https://www.sainsburys.co.uk/gol-ui/product/wilkin-sons-ltd-tiptree-double-one-orange-tangerine-fine-cut-marmalade-340g,,0043647410016,,
https://www.sainsburys.co.uk/gol-ui/product/tracker-oats-grains-chocolate-peanut-bars-5x23g,,5056357907610,,
https://www.sainsburys.co.uk/gol-ui/product/mrs-elswood-burger-gherkins-pickled-670g,,5000409006721,,
https://www.sainsburys.co.uk/gol-ui/product/kelloggs-coco-pops-chocos-430g,,5059319021218,,
https://www.sainsburys.co.uk/gol-ui/product/heinz-seriously-good-mayonnaise-540g,,5000157143037,,
https://www.sainsburys.co.uk/gol-ui/product/warburtons-gluten-free-white-loaf-300g,,5010044007793,,
https://www.sainsburys.co.uk/gol-ui/product/kind-chocolate-chip-cashew-bars-3x30g,,5000159558396,,
https://www.sainsburys.co.uk/gol-ui/product/eat-real-sea-salt-veggie-straws-110g,,5060878780713,,
https://www.sainsburys.co.uk/gol-ui/product/kelloggs-special-k-crunchy-oat-granola-mixed-berries-350g,,5059319016450,,
https://www.sainsburys.co.uk/gol-ui/product/eat-real-quinoa-chips-sour-cream-chive-flavour-90g,,5060878780379,,
https://www.sainsburys.co.uk/gol-ui/product/tracker-oats-grains-salted-caramel-fudge-bars-5x24g,,5056357907917,,
https://www.sainsburys.co.uk/gol-ui/product/heinz-vegan-mayo-775g,,8715700123691,,
https://www.sainsburys.co.uk/gol-ui/product/freee-gluten-free-organic-brown-rice-fusilli-500g,,5011766666626,,
https://www.sainsburys.co.uk/gol-ui/product/wilkin-sons-ltd-tiptree-no-peel-orange-marmalade-340g,,0043647460011,,
https://www.sainsburys.co.uk/gol-ui/product/kelloggs-special-k-crunchy-oat-granola-dark-chocolate-curls-350g,,5059319016481,,
https://www.sainsburys.co.uk/gol-ui/product/rakusens-matzos-crackers-300g,,5010112000053,,
https://www.sainsburys.co.uk/gol-ui/product/mars-chocolate-fun-size-multipack-bars-16x18g,,5000159545341,,
https://www.sainsburys.co.uk/gol-ui/product/bahlsen-hit-cocoa-cr%C3%A8me-220g,,4017100364013,,
https://www.sainsburys.co.uk/gol-ui/product/bear-forest-fruit-bars-4x27g,,5060139435550,,
https://www.sainsburys.co.uk/gol-ui/product/freee-gluten-free-white-bread-flour-1kg,,5011766010146,,
https://www.sainsburys.co.uk/gol-ui/product/la-espanola-light-in-colour-olive-oil-500ml,,8410660049806,,
https://www.sainsburys.co.uk/gol-ui/product/bear-carrot-cake-bars-4x27g,,5060139435567,,
https://www.sainsburys.co.uk/gol-ui/product/puck-processed-cheese-spread-240g,,5760466738095,,
https://www.sainsburys.co.uk/gol-ui/product/elswood-whole-sweet-cucumber-670g,,5000409000170,,
https://www.sainsburys.co.uk/gol-ui/product/flora-sunflower-oil--pure-2l,,5000232828743,,
https://www.sainsburys.co.uk/gol-ui/product/mrs-elswood-sweet-pickled-cucumber-spears-670g,,6248695175335,,
https://www.sainsburys.co.uk/gol-ui/product/freee-gluten-free-baking-powder-130g,,5011766222426,,
https://www.sainsburys.co.uk/gol-ui/product/kind-fruit-nut-3x30g,,5000159542616,,
https://www.sainsburys.co.uk/gol-ui/product/osem-bamba-snack-100g,,0077544806009,,
https://www.sainsburys.co.uk/gol-ui/product/la-espanola-olive-oil-500ml,,8410660049790,,
https://www.sainsburys.co.uk/gol-ui/product/dorset-cereals-ultimate-fruit-nut-muesli-crunch-400g,,5018357803866,,
https://www.sainsburys.co.uk/gol-ui/product/rakusens-matzos-crackers-150g,,5010112000169,,
https://www.sainsburys.co.uk/gol-ui/product/la-espanola-extra-virgin-olive-oil-500ml,,8410660049783,,
https://www.sainsburys.co.uk/gol-ui/product/rowse-oxfordshire-wildflower-honey-225g,,5011273001248,,
https://www.sainsburys.co.uk/gol-ui/product/thomy-mayonnaise-tube-265g,,7610100034084,,
https://www.sainsburys.co.uk/gol-ui/product/osem-bamba-snacks-25g,,1999251006123,,
https://www.sainsburys.co.uk/gol-ui/product/achva-tahini-crushed-sesame-seeds-500g,,7290000572109,,
https://www.sainsburys.co.uk/gol-ui/product/dorset-cereals-marvellous-pecan-almond-muesli-crunch-400g,,5018357803842,,
https://www.sainsburys.co.uk/gol-ui/product/sodastream-quick-connect-co2-cylinder-425g,,8719128118499,,
https://www.sainsburys.co.uk/gol-ui/product/violife-le-rond-camembert-flavour-block-150g,,5202390027826,,
https://www.sainsburys.co.uk/gol-ui/product/rice-dream-rice-1l,,0084253334129,,
https://www.sainsburys.co.uk/gol-ui/product/rakusen-medium-matzo-meal-375g,,5010112000268,,
https://www.sainsburys.co.uk/gol-ui/product/lor-aluminium-espresso-caramel-flavour-capsules-52g,,8711000488232,,
https://www.sainsburys.co.uk/gol-ui/product/osem-bamba-peanut-puffs-with-creamy-hazelnut-filling-60g,,0077544181557,,
https://www.sainsburys.co.uk/gol-ui/product/sea-castle-sardines-in-pure-olive-oil-125g,,0040822043007,,
https://www.sainsburys.co.uk/gol-ui/product/halva-gift-box-300g,,0721983100029,,
https://www.sainsburys.co.uk/gol-ui/product/grenade-oreo-35g,,1999991602098,,
https://www.sainsburys.co.uk/gol-ui/product/telma-chicken-flavour-stock-cubes-8x9g,,0084685000890,,
https://www.sainsburys.co.uk/gol-ui/product/osem-chicken-soup-400g,,0077544529403,,
https://www.sainsburys.co.uk/gol-ui/product/kedem-concord-grape-juice-650ml,,0073490000003,,
https://www.sainsburys.co.uk/gol-ui/product/osem-bissli-onion-70g-7533035-p-44,,0077544827004,,
https://www.sainsburys.co.uk/gol-ui/product/lor-aluminium-espresso-vanilla-flavour-capsules-52g,,8711000488218,,
https://www.sainsburys.co.uk/gol-ui/product/baxters-sliced-gherkins-crunchy-tangy-540g,,5012427655201,,
https://www.sainsburys.co.uk/gol-ui/product/sainsburys-dark-soy-sauce-150ml,,0000001758726,,
https://www.sainsburys.co.uk/gol-ui/product/sainsburys-light-soy-sauce-150ml,,0000001758702,,
https://www.sainsburys.co.uk/gol-ui/product/sharwoods-medium-egg-noodles-226g,,5000354924712,,
https://www.sainsburys.co.uk/gol-ui/product/sainsburys-soy-sauce-reduced-salt-150ml,,0000000159333,,
https://www.sainsburys.co.uk/gol-ui/product/sainsburys-quick-to-cook-noodles-x2-150g,,0000001758979,,
https://www.sainsburys.co.uk/gol-ui/product/sainsburys-2---min-egg-fried-rice,,0000001793635,,
https://www.sainsburys.co.uk/gol-ui/product/sainsburys-teriyaki-sauce-150ml,,0000000213967,,
https://www.sainsburys.co.uk/gol-ui/product/sainsburys-sweet-chilli-sauce-300g,,0000000163019,,
https://www.sainsburys.co.uk/gol-ui/product/blue-dragon-sweet-chill-garlic-sauce-120g,,5010338015404,,
https://www.sainsburys.co.uk/gol-ui/product/amoy-straight-to-wok-medium-noodles-2x150g,,5010928390508,,
https://www.sainsburys.co.uk/gol-ui/product/sainsburys-sweet---sour-cooking-sauce-500g-7879070-p-44,,0000000300742,,
https://www.sainsburys.co.uk/gol-ui/product/sharwoods-fine-egg-noodles-226g,,5000354924729,,
https://www.sainsburys.co.uk/gol-ui/product/blue-dragon-teriyaki-stir-fry-sauce-120g,,5010338015497,,
https://www.sainsburys.co.uk/gol-ui/product/lee-kum-kee-premium-light-soy-sauce-500ml,,0078895126396,,
https://www.sainsburys.co.uk/gol-ui/product/kikkoman-soy-sauce--naturally-brewed-150ml,,8715035110106,,
https://www.sainsburys.co.uk/gol-ui/product/blue-dragon-sweet---sour-stir-fry-sauce-120g,,5010338014131,,
https://www.sainsburys.co.uk/gol-ui/product/uncle-bens-original-sweet---sour-sauce-500g,,4002359632372,,
https://www.sainsburys.co.uk/gol-ui/product/blue-dragon-chow-mein-stir-fry-sauce-120g,,5010338015480,,
https://www.sainsburys.co.uk/gol-ui/product/blue-dragon-black-bean-stir-fry-120g,,5010338014285,,
https://www.sainsburys.co.uk/gol-ui/product/yutaka-tamari-soy-sauce--organic-150ml,,5014276308505,,
https://www.sainsburys.co.uk/gol-ui/product/uncle-bens-sweet---sour-sauce-with-extra-pineapple-500g,,4002359632594,,
https://www.sainsburys.co.uk/gol-ui/product/tilda-steamed-basmati-egg-fried-250g,,5011157888125,,
https://www.sainsburys.co.uk/gol-ui/product/sainsburys-sweet-chilli---ginger-stir-fry-sauce-120g,,0000001848977,,
https://www.sainsburys.co.uk/gol-ui/product/blue-dragon-sweet-chilli-dipping-sauce-original-190ml,,5010338404017,,
https://www.sainsburys.co.uk/gol-ui/product/sainsburys-hoisin---garlic-stir-fry-sauce-120g-7573488-p-44,,0000001848915,,
https://www.sainsburys.co.uk/gol-ui/product/blue-dragon-sqz-sweet-chilli-sauce-380g,,5010338015886,,
https://www.sainsburys.co.uk/gol-ui/product/amoy-soy-sauce--dark-150ml,,5000111044202,,
https://www.sainsburys.co.uk/gol-ui/product/blue-dragon-creamed-coconut--block-200g,,5010338013714,,
https://www.sainsburys.co.uk/gol-ui/product/blue-dragon-fish-sauce-150ml,,5010338404383,,
https://www.sainsburys.co.uk/gol-ui/product/sainsburys-teriyaki-stir-fry-sauce-120g,,0000001848984,,
https://www.sainsburys.co.uk/gol-ui/product/sainsburys-sweet---sour-stir-fry-sauce-120g,,0000001848960,,
https://www.sainsburys.co.uk/gol-ui/product/sharwoods-prawn-crackers-60g,,5000197154239,,
https://www.sainsburys.co.uk/gol-ui/product/lee-kum-kee-premium-dark-soy-sauce-500ml,,0078895126389,,
https://www.sainsburys.co.uk/gol-ui/product/malay-taste-kicap-manis-150g,,5055036901307,,
https://www.sainsburys.co.uk/gol-ui/product/gressingham-plum---hoisin-sauce-320g,,5034231004006,,
https://www.sainsburys.co.uk/gol-ui/product/sainsburys-satay-stir-fry-sauce-120g,,0000001848991,,
https://www.sainsburys.co.uk/gol-ui/product/sharwoods-sweet---sour-stir-fry-sauce-195g,,0000050197729,,
https://www.sainsburys.co.uk/gol-ui/product/amoy-soy-sauce--light-150ml-6029531-p-44,,5000111044226,,
https://www.sainsburys.co.uk/gol-ui/product/sainsburys-extra-pineapple-sweet---sour-cooking-sauce-500g,,0000000300728,,
https://www.sainsburys.co.uk/gol-ui/product/blue-dragon-pad-thai-stir-fry-120g,,5010338000103,,
https://www.sainsburys.co.uk/gol-ui/product/sharwoods-sweet---sour-sauce-425g,,5000197156738,,
https://www.sainsburys.co.uk/gol-ui/product/heinz-turkish-style-garlic-sauce-420g,,5000157144362,,
https://www.sainsburys.co.uk/gol-ui/product/sharwoods-hoi-sin---spring-onion-stir-fry-sauce-195g,,0000050197699,,
https://www.sainsburys.co.uk/gol-ui/product/sainsburys-chow-mein-stir-fry-sauce-240g,,0000000300827,,
https://www.sainsburys.co.uk/gol-ui/product/uncle-bens-sweet---sour-no-added-sugar-cooking-sauce-440g,,4002359008047,,
https://www.sainsburys.co.uk/gol-ui/product/kikkoman-naturally-brewed-soy-sauce-250ml,,8715035110304,,
https://www.sainsburys.co.uk/gol-ui/product/sharwoods-kung-po-sauce-425g,,5000197156714,,
https://www.sainsburys.co.uk/gol-ui/product/goldfish-brand-chinese-curry-sauce-405g,,5013499000036,,
https://www.sainsburys.co.uk/gol-ui/product/yutaka-shaoxing-rice-wine-150ml,,5014276703836,,
https://www.sainsburys.co.uk/gol-ui/product/sainsburys-chow-mein-stir-fry-sauce-120g,,0000001848908,,
https://www.sainsburys.co.uk/gol-ui/product/blue-dragon-oyster---spring-onion-stir-fry-sauce-120g,,5010338015442,,
https://www.sainsburys.co.uk/gol-ui/product/blue-dragon-hoi-sin---garlic-stir-fry-sauce-120g,,5010338015633,,
https://www.sainsburys.co.uk/gol-ui/product/sainsburys-sweet---sour-sauce--basics-500g,,0000000300766,,
https://www.sainsburys.co.uk/gol-ui/product/blue-dragon-rich-hoisin-sauce-190ml,,5010338202620,,
https://www.sainsburys.co.uk/gol-ui/product/kikkoman-teriyaki-sauce-with-toasted-sesame-250ml,,8715035280304,,
https://www.sainsburys.co.uk/gol-ui/product/sainsburys-black-bean-stir-fry-sauce-120g,,0000000300643,,
https://www.sainsburys.co.uk/gol-ui/product/sharwoods-cantonese-curry-425g,,5000354200861,,
https://www.sainsburys.co.uk/gol-ui/product/blue-dragon-reduced-sugar-thai-sweet-chilli-sauce-380g-7759308-p,,5010338071134,,
https://www.sainsburys.co.uk/gol-ui/product/blue-dragon-teriyaki-sauce-190ml,,5010338104047,,
https://www.sainsburys.co.uk/gol-ui/product/uncle-bens-original-sweet---sour-sauce-750g,,4002359642012,,
https://www.sainsburys.co.uk/gol-ui/product/sainsburys-tomato-puree--double-concentrate-200g,,0000000359047,,
https://www.sainsburys.co.uk/gol-ui/product/hubbard%E2%80%99s-foodstore-chopped-tomatoes-400g,,0000001689303,,
https://www.sainsburys.co.uk/gol-ui/product/sainsburys-passata-500g,,0000001853315,,
https://www.sainsburys.co.uk/gol-ui/product/sainsburys-chopped-tomatoes-carton-390g,,0000001268423,,
https://www.sainsburys.co.uk/gol-ui/product/sainsburys-italian-chopped-tomatoes-4%C3%97400g,,0000001268478,,
https://www.sainsburys.co.uk/gol-ui/product/napolina-chopped-tomatoes-4x400g,,5010061241699,,
https://www.sainsburys.co.uk/gol-ui/product/sainsburys-premium-peeled-plum-tomatoes-400g,,0000001062045,,
https://www.sainsburys.co.uk/gol-ui/product/gia-garlic-puree-90g,,8001830533012,,
https://www.sainsburys.co.uk/gol-ui/product/sainsburys-peeled-plum-tomatoes--basics-400g,,0000001125214,,
https://www.sainsburys.co.uk/gol-ui/product/napolina-passata-500g,,5000232819109,,
https://www.sainsburys.co.uk/gol-ui/product/mutti-finely-chopped-tomatoes-4x400g,,5032143654319,,
https://www.sainsburys.co.uk/gol-ui/product/napolina-chopped-tomatoes-400g,,5016827901616,,
https://www.sainsburys.co.uk/gol-ui/product/mutti-finely-chopped-tomatoes-400g,,0000080042556,,
https://www.sainsburys.co.uk/gol-ui/product/sainsburys-chopped-tomatoes-230g,,0000000315845,,
https://www.sainsburys.co.uk/gol-ui/product/sainsburys-so-organic-italian-organic-chopped-tomatoes-in-tomato-juice-400g,,0000001214895,,
https://www.sainsburys.co.uk/gol-ui/product/cirio-chopped-tomatoes-4x400g,,8000320995606,,
https://www.sainsburys.co.uk/gol-ui/product/ktc-chopped-tomatoes-400g,,5013635312108,,
https://www.sainsburys.co.uk/gol-ui/product/sainsburys-sunsoaked-tomatoes-with-oregano-garlic-taste-the-difference-265g,,0000000422840,,
https://www.sainsburys.co.uk/gol-ui/product/sainsburys-passata-jar--so-organic-700g,,0000001215397,,
https://www.sainsburys.co.uk/gol-ui/product/sainsburys-marinated-sundried-tomatoes-140g,,0000000423021,,
https://www.sainsburys.co.uk/gol-ui/product/sainsburys-italian-passata-with-garlic-500g,,0000000398862,,
https://www.sainsburys.co.uk/gol-ui/product/napolina-peeled-plum-tomatoes-4x400g,,5010061242573,,
https://www.sainsburys.co.uk/gol-ui/product/sainsburys-chopped-tomatoes-with-basil---oregano-390g,,0000001112931,,
https://www.sainsburys.co.uk/gol-ui/product/sainsburys-premium-peeled-plum-tomatoes-4x400g,,0000001170184,,
https://www.sainsburys.co.uk/gol-ui/product/sainsburys-italian-chopped-tomatoes-with-onion---garlic-390g,,0000000170611,,
https://www.sainsburys.co.uk/gol-ui/product/mutti-passata-400g,,8005110630408,,
https://www.sainsburys.co.uk/gol-ui/product/sainsburys-tomato-puree-142g,,0000000120883,,
https://www.sainsburys.co.uk/gol-ui/product/napolina-tomato-puree-142g,,5010061000098,,
https://www.sainsburys.co.uk/gol-ui/product/napolina-peeled-plum-tomatoes-in-tomato-sauce-400g,,5010061241989,,
https://www.sainsburys.co.uk/gol-ui/product/gia-sun-dried-tomato-puree-70g,,8001830533920,,
https://www.sainsburys.co.uk/gol-ui/product/mutti-tuscany-passata-rossoro-tomatoes-400g,,8005110002083,,
https://www.sainsburys.co.uk/gol-ui/product/sainsburys-tomato-puree--double-concentrate-312g,,0000000121125,,
https://www.sainsburys.co.uk/gol-ui/product/sainsburys-premium-peeled-plum-tomatoes-227g,,0000001125221,,
https://www.sainsburys.co.uk/gol-ui/product/sainsburys-italian-passata-with-basil-500g,,0000000398879,,
https://www.sainsburys.co.uk/gol-ui/product/sainsburys-tomato-puree-jar--so-organic-312g,,0000001215380,,
https://www.sainsburys.co.uk/gol-ui/product/sainsburys-rustica-italian-passata--taste-the-difference-430g,,0000000170482,,
https://www.sainsburys.co.uk/gol-ui/product/cirio-passata-rustica-x2-350g,,8001440121319,,
https://www.sainsburys.co.uk/gol-ui/product/sainsburys-tomato-paste-so-organic-150g,,0000000470698,,
https://www.sainsburys.co.uk/gol-ui/product/cirio-toscana-passata-700g,,8000320010095,,
https://www.sainsburys.co.uk/gol-ui/product/sainsburys-italian-datterini-cherry-tomato-pur%C3%A9e-taste-the-difference-150g,,0000000398985,,
https://www.sainsburys.co.uk/gol-ui/product/sainsburys-chopped-tomatoes-with-herbs-227g,,0000000475075,,
https://www.sainsburys.co.uk/gol-ui/product/mutti-emilia-passata-baby-plum-tomatoes-400g,,8005110001895,,
https://www.sainsburys.co.uk/gol-ui/product/cirio-tomato-puree--double-concentrated-4x70g,,3069538102027,,
https://www.sainsburys.co.uk/gol-ui/product/mutti-double-concentrate-tomato-130g,,0000800423528,,
https://www.sainsburys.co.uk/gol-ui/product/cirio-peeled-plum-tomatoes-x4-400g,,8000320390517,,
https://www.sainsburys.co.uk/gol-ui/product/sainsburys-peeled-cherry-tomatoes--taste-the-difference-400g,,0000000170505,,
https://www.sainsburys.co.uk/gol-ui/product/mutti-peeled-tomatoes-400g,,8005110060007,,
https://www.sainsburys.co.uk/gol-ui/product/sainsburys-tomato-puree-with-garlic-200g,,0000001851434,,
https://www.sainsburys.co.uk/gol-ui/product/cirio-chopped-tomatoes-400g,,8000320010118,,
https://www.sainsburys.co.uk/gol-ui/product/mutti-cherry-tomatoes-400g,,8005110550508,,
https://www.sainsburys.co.uk/gol-ui/product/sainsburys-plum-tomatoes--so-organic-400g,,0000001214888,,
https://www.sainsburys.co.uk/gol-ui/product/mutti-polpa-finely-chopped-tomatoes-with-genovese-basil-pdo-400g,,8005110170423,,
https://www.sainsburys.co.uk/gol-ui/product/napolina-chopped-tomatoes-227g,,5010061001637,,
https://www.sainsburys.co.uk/gol-ui/product/ktc-peeled-plum-tomatoes-400g,,5013635312146,,
https://www.sainsburys.co.uk/gol-ui/product/mutti-polpa-finely-chopped-tomatoes-with-voghiera-garlic-400g,,8005110170461,,
https://www.sainsburys.co.uk/gol-ui/product/cirio-plum-peeled-tomatoes-400g,,8000320010026,,
https://www.sainsburys.co.uk/gol-ui/product/sainsburys-sweetcorn-3x198g,,0000001298741,,
https://www.sainsburys.co.uk/gol-ui/product/sainsburys-naturally-sweet-sweetcorn-in-water-198g,,0000000550031,,
https://www.sainsburys.co.uk/gol-ui/product/sainsburys-naturally-sweet-sweetcorn-in-water-325g,,0000000345576,,
https://www.sainsburys.co.uk/gol-ui/product/green-giant-original-sweet-corn-198g,,5010046001003,,
https://www.sainsburys.co.uk/gol-ui/product/sainsburys-sweetcorn-single-cobs-2899-p-44,,0000000002899,,
https://www.sainsburys.co.uk/gol-ui/product/green-giant-sweetcorn--no-added-salt-4x198g,,3254474009336,,
https://www.sainsburys.co.uk/gol-ui/product/green-giant-naturally-sweet-sweetcorn-198g,,5010046001102,,
https://www.sainsburys.co.uk/gol-ui/product/green-giant-original-sweet-corn-3x340g-3x285g*-,,5010046019695,,
https://www.sainsburys.co.uk/gol-ui/product/green-giant-sweetcorn--salad-crisp-150g,,3254474005161,,
https://www.sainsburys.co.uk/gol-ui/product/green-giant-sweetcorn--original-340g,,5010046002017,,
https://www.sainsburys.co.uk/gol-ui/product/sainsburys-sweetcorn-with-peas-198g,,0000001265750,,
https://www.sainsburys.co.uk/gol-ui/product/green-giant-sweetcorn--no-added-salt-340g,,5010046010555,,
https://www.sainsburys.co.uk/gol-ui/product/sainsburys-cous-cous-1kg,,0000001272079,,
https://www.sainsburys.co.uk/gol-ui/product/sainsburys-sliced-button-mushrooms-290g,,0000001680034,,
https://www.sainsburys.co.uk/gol-ui/product/merchant-gourmet-porcini-mushrooms-50g,,5018095001142,,
https://www.sainsburys.co.uk/gol-ui/product/sainsburys-artichoke-hearts-in-water-400g,,0000000407793,,
https://www.sainsburys.co.uk/gol-ui/product/sainsburys-mixed-vegetables-in-water-300g,,0000001139532,,
https://www.sainsburys.co.uk/gol-ui/product/sainsburys-whole-button-mushrooms-in-water-290g,,0000001680041,,
https://www.sainsburys.co.uk/gol-ui/product/merchant-gourmet-moreish-mediterranean-style-grains-with-tomato-olive-250g,,5018095012551,,
https://www.sainsburys.co.uk/gol-ui/product/green-giant-whole-hearts-of-palm-410g,,8410076014641,,
https://www.sainsburys.co.uk/gol-ui/product/merchant-gourmet-fiery-jamaican-style-grains-pulses-250g,,5018095012544,,
https://www.sainsburys.co.uk/gol-ui/product/sainsburys-love-your-veg%21-lentil-ragu-392g,,0000000435833,,
https://www.sainsburys.co.uk/gol-ui/product/sainsburys-cous-cous--organic-500g,,0000001212167,,
https://www.sainsburys.co.uk/gol-ui/product/sainsburys-quick-cook-salad-grain-mix-inspired-to-cook-250g,,0000000447928,,
https://www.sainsburys.co.uk/gol-ui/product/dunns-river-jamaican-callaloo-in-salted-water-540g,,5012389010018,,
https://www.sainsburys.co.uk/gol-ui/product/sainsburys-maple-syrup-275g,,0000001849738,,
https://www.sainsburys.co.uk/gol-ui/product/clarks-original-maple-syrup-180ml,,5060040110010,,
https://www.sainsburys.co.uk/gol-ui/product/the-good-food-company-agave-nectar-mild-organic-natural-sweetener-250ml,,5060069170040,,
https://www.sainsburys.co.uk/gol-ui/product/sainsburys-clear-honey--so-organic-340g,,0000001191721,,
https://www.sainsburys.co.uk/gol-ui/product/clarks-organic-agave-syrup-250ml,,5060040110454,,
https://www.sainsburys.co.uk/gol-ui/product/buckwud-maple-syrup-250g,,5011273014903,,
https://www.sainsburys.co.uk/gol-ui/product/littleover-clear-wildflower-honey-340g,,5060118170021,,
https://www.sainsburys.co.uk/gol-ui/product/caramel-coffee-syrup-350ml,,0000096174357,,
https://www.sainsburys.co.uk/gol-ui/product/silver-spoon-truvia-sweetener-tablets-x100-5g,,5010067321555,,
https://www.sainsburys.co.uk/gol-ui/product/sainsburys-set-honey--so-organic-340g,,0000001207729,,
https://www.sainsburys.co.uk/gol-ui/product/truvia-sweetener-jar-270g,,5010067321630,,
https://www.sainsburys.co.uk/gol-ui/product/sweet-freedom-choc-shot-320g,,0000096066829,,
https://www.sainsburys.co.uk/gol-ui/product/silver-spoon-truvia-pouch-150g,,5010067321531,,
https://www.sainsburys.co.uk/gol-ui/product/rowse-manuka-10-honey-250g,,5011273002078,,
https://www.sainsburys.co.uk/gol-ui/product/clarks-pure-maple-syrup-180ml,,5060040119501,,
https://www.sainsburys.co.uk/gol-ui/product/sainsburys-squeezy-honey--so-organic-340g,,0000001284089,,
https://www.sainsburys.co.uk/gol-ui/product/sweet-freedom-original-350g,,0000096036761,,
https://www.sainsburys.co.uk/gol-ui/product/the-groovy-food-company-organic-coconut-sugar-500g,,5038695000505,,
https://www.sainsburys.co.uk/gol-ui/product/silver-spoon-half-spoon-granulated-sugar-1kg,,5010067321708,,
https://www.sainsburys.co.uk/gol-ui/product/splenda-cake-can-125g,,7640107201608,,
https://www.sainsburys.co.uk/gol-ui/product/silver-spoon-truvia-sweetener-tablets-x100-5g,,5010067321555,,
https://www.sainsburys.co.uk/gol-ui/product/truvia-sweetener-jar-270g,,5010067321630,,
https://www.sainsburys.co.uk/gol-ui/product/silver-spoon-truvia-pouch-150g,,5010067321531,,
https://www.sainsburys.co.uk/gol-ui/product/sainsburys-british-white-granulated-sugar-1kg,,0000000180238,,
https://www.sainsburys.co.uk/gol-ui/product/sainsburys-fairtrade-granulated-sugar-1kg-7713027-p-44,,0000000180047,,
https://www.sainsburys.co.uk/gol-ui/product/sainsburys-british-granulated-sugar-500g,,0000000180214,,
https://www.sainsburys.co.uk/gol-ui/product/sainsburys-fairtrade-golden-granulated-sugar-1kg,,0000000173377,,
https://www.sainsburys.co.uk/gol-ui/product/sainsburys-british-granulated-sugar-5kg,,0000000180245,,
https://www.sainsburys.co.uk/gol-ui/product/the-good-food-company-agave-nectar-mild-organic-natural-sweetener-250ml,,5060069170040,,
https://www.sainsburys.co.uk/gol-ui/product/tate-lyle-white-sugar-cubes-500g,,5010115820863,,
https://www.sainsburys.co.uk/gol-ui/product/silver-spoon-half-spoon-granulated-sugar-1kg,,5010067321708,,
https://www.sainsburys.co.uk/gol-ui/product/billingtons-golden-granulated-sugar-1kg,,5010651001559,,
https://www.sainsburys.co.uk/gol-ui/product/sainsburys-fairtrade-organic-cane-sugar-500g,,0000001194333,,
https://www.sainsburys.co.uk/gol-ui/product/the-groovy-food-company-organic-coconut-sugar-500g,,5038695000505,,
https://www.sainsburys.co.uk/gol-ui/product/sainsburys-arborio-risotto-rice-500g,,0000000459068,,
https://www.sainsburys.co.uk/gol-ui/product/sainsburys-spanish-paella-rice-500g,,0000001087642,,
https://www.sainsburys.co.uk/gol-ui/product/yutaka-sushi-rice-500g,,5014276030383,,
https://www.sainsburys.co.uk/gol-ui/product/gallo-arborio-rice-500g,,8001420001327,,
https://www.sainsburys.co.uk/gol-ui/product/sainsburys-thai-fragrant-rice-500g,,0000000120944,,
https://www.sainsburys.co.uk/gol-ui/product/sainsburys-thai-sticky-rice-500g,,0000000120999,,
https://www.sainsburys.co.uk/gol-ui/product/riso-gallo-risotto-pronto-porcini-mushroom-175g,,8001420112276,,
https://www.sainsburys.co.uk/gol-ui/product/sainsburys-arborio-risotto-rice--organic-500g,,0000001211597,,
https://www.sainsburys.co.uk/gol-ui/product/sainsburys-thai-black-rice-500g,,0000000120975,,
https://www.sainsburys.co.uk/gol-ui/product/mama-instant-whole-grain-rice-vermicelli-225g,,8851876000142,,
https://www.sainsburys.co.uk/gol-ui/product/sainsburys-italian-carnaroli-rice-500g,,0000000120951,,
https://www.sainsburys.co.uk/gol-ui/product/riso-gallo-risotto-with-tomato-and-basil-250g,,8001420011531,,
https://www.sainsburys.co.uk/gol-ui/product/white-rabbit-porcini-mushroom-risotto-180g,,5060456691127,,
https://www.sainsburys.co.uk/gol-ui/product/merchant-gourmet-puy-lentils-250g,,5018095177144,,
https://www.sainsburys.co.uk/gol-ui/product/sainsburys-quinoa-300g,,0000001853872,,
https://www.sainsburys.co.uk/gol-ui/product/tilda-brown-basmati-garden-vegetable---quinoa-wholegrain-rice-250g,,5011157120706,,
https://www.sainsburys.co.uk/gol-ui/product/merchant-gourmet-puy-lentils--sun-dried-tomatoes---basil-250g,,5018095188348,,
https://www.sainsburys.co.uk/gol-ui/product/merchant-gourmet-spanish-inspired-grains-250g,,5018095004341,,
https://www.sainsburys.co.uk/gol-ui/product/merchant-gourmet-ready-to-eat-red---white-quinoa-250g,,5018095185798,,
https://www.sainsburys.co.uk/gol-ui/product/sainsburys-cauliflower-rice-200g,,5060419860003,,
https://www.sainsburys.co.uk/gol-ui/product/merchant-gourmet-red-rice-grains---quinoa-205g,,5018095196596,,
https://www.sainsburys.co.uk/gol-ui/product/sainsburys-bulgar-wheat--chick-peas---quinoa-250g,,0000001851984,,
https://www.sainsburys.co.uk/gol-ui/product/merchant-gourmet-aromatic-persian-style-quinoa-lentils-250g,,5018095011431,,
https://www.sainsburys.co.uk/gol-ui/product/sainsburys-mediterranean-style-grains-250g,,0000000313254,,
https://www.sainsburys.co.uk/gol-ui/product/jamie-oliver-tomato---olive-quinoa-250g,,5030101022279,,
https://www.sainsburys.co.uk/gol-ui/product/merchant-gourmet-ready-to-eat-beluga-lentils-250g,,5018095185842,,
https://www.sainsburys.co.uk/gol-ui/product/merchant-gourmet-zingy-korean-style-grains-250g,,5018095008141,,
https://www.sainsburys.co.uk/gol-ui/product/merchant-gourmet-mexican-inspired-grains-250g,,5018095004921,,
https://www.sainsburys.co.uk/gol-ui/product/jamie-oliver-sumptuous-squash-orzotto-250g,,5030101028134,,
https://www.sainsburys.co.uk/gol-ui/product/sainsburys-spicy-mexican-rice-250g,,0000000120715,,
https://www.sainsburys.co.uk/gol-ui/product/sainsburys-golden-vegetable-rice-250g,,0000000120678,,
https://www.sainsburys.co.uk/gol-ui/product/tilda-steamed-basmati-lime---coriander-250g,,5011157888163,,
https://www.sainsburys.co.uk/gol-ui/product/tilda-coconut-basmati-rice-250g,,5011157888316,,
https://www.sainsburys.co.uk/gol-ui/product/sainsburys-2---min-egg-fried-rice,,0000001793635,,
https://www.sainsburys.co.uk/gol-ui/product/bens-original-savoury-chicken-flavour-220g,,5010034013957,,
https://www.sainsburys.co.uk/gol-ui/product/bens-original-spicy-mexican-style-220g,,5010034014152,,
https://www.sainsburys.co.uk/gol-ui/product/tilda-microwave-steamed-basmati-lemon-rice-250g,,5011157888323,,
https://www.sainsburys.co.uk/gol-ui/product/sainsburys-mushroom-rice-250g,,0000000120364,,
https://www.sainsburys.co.uk/gol-ui/product/merchant-gourmet-spanish-inspired-grains-250g,,5018095004341,,
https://www.sainsburys.co.uk/gol-ui/product/tilda-mexican-chilli---bean-rice-250g,,5011157888187,,
https://www.sainsburys.co.uk/gol-ui/product/tilda-steamed-basmati-sundried-tomato-250g,,5011157888118,,
https://www.sainsburys.co.uk/gol-ui/product/tilda-steamed-basmati-egg-fried-250g,,5011157888125,,
https://www.sainsburys.co.uk/gol-ui/product/merchant-gourmet-red-rice-grains---quinoa-205g,,5018095196596,,
https://www.sainsburys.co.uk/gol-ui/product/tilda-caribbean-rice-and-peas-basmati-rice-250g,,5011157994352,,
https://www.sainsburys.co.uk/gol-ui/product/tilda-steamed-basmati-mushroom-250g,,5011157888170,,
https://www.sainsburys.co.uk/gol-ui/product/bens-original-mixed-pepper-microwave-rice-220g,,5010034014176,,
https://www.sainsburys.co.uk/gol-ui/product/bens-original-wholegrain-spicy-mexican-style-220g,,5010034014206,,
https://www.sainsburys.co.uk/gol-ui/product/tilda-steamed-basmati-coconut---chilli-rice-250g,,5011157888224,,
https://www.sainsburys.co.uk/gol-ui/product/bens-original-peri-peri-microwave-rice-220g,,5010034014299,,
https://www.sainsburys.co.uk/gol-ui/product/3-rice-mix-microwave-rice,,5056215600431,,
https://www.sainsburys.co.uk/gol-ui/product/bens-plant-powered-chilli-non-carne-285g,,5010034013582,,
https://www.sainsburys.co.uk/gol-ui/product/bens-original-tomato-basil-220g,,5010034014046,,
https://www.sainsburys.co.uk/gol-ui/product/bens-original-wholegrain-golden-vegetable-220g,,5010034014220,,
https://www.sainsburys.co.uk/gol-ui/product/tilda-katsu-curry-rice-250g,,5011157996431,,
https://www.sainsburys.co.uk/gol-ui/product/bens-original-pilau-220g,,5010034013810,,
https://www.sainsburys.co.uk/gol-ui/product/bens-original-chinese-style-220g,,5010034013698,,
https://www.sainsburys.co.uk/gol-ui/product/bens-original-caribbean-microwave-rice-220g,,5010034014282,,
https://www.sainsburys.co.uk/gol-ui/product/coconut-green-chilli-microwave-rice,,5056215600462,,
https://www.sainsburys.co.uk/gol-ui/product/bens-original-smokey-bbq-microwave-rice-220g,,5010034014251,,
https://www.sainsburys.co.uk/gol-ui/product/mango-chilli-lime-wholegrain-rice250g,,5056215600455,,
https://www.sainsburys.co.uk/gol-ui/product/bens-original-roasted-garlic-microwave-rice-220g,,5010034014244,,
https://www.sainsburys.co.uk/gol-ui/product/merchant-gourmet-mexican-inspired-grains-250g,,5018095004921,,
https://www.sainsburys.co.uk/gol-ui/product/leon-hot-spicy-brown-rice-240g,,5060699971147,,
https://www.sainsburys.co.uk/gol-ui/product/bens-original-one-pan-creations-spanish-paella-style-rice-meal-250g,,5010034015210,,
https://www.sainsburys.co.uk/gol-ui/product/leon-herbed-vegetable-brown-rice-240g,,5060699971154,,
https://www.sainsburys.co.uk/gol-ui/product/gallo-risotto-pronto-mushroom-175g,,8001420011883,,
https://www.sainsburys.co.uk/gol-ui/product/mg-sunblush-tomato-microwave-rice-250g,,5056215600448,,
https://www.sainsburys.co.uk/gol-ui/product/gallo-risotto-pronto-saffron-250g,,8001420011890,,
https://www.sainsburys.co.uk/gol-ui/product/bens-plant-powered-spicy-lentil-stew-285g,,5010034013568,,
https://www.sainsburys.co.uk/gol-ui/product/fullgreen-riced-sweet-potato-200g,,5060419860195,,
https://www.sainsburys.co.uk/gol-ui/product/sainsburys-brown-rice-250g,,0000000120562,,
https://www.sainsburys.co.uk/gol-ui/product/sainsburys-micro-rice-wholegrain-basmati-250g,,0000001796124,,
https://www.sainsburys.co.uk/gol-ui/product/tilda-steamed-basmati-brown-rice-250g,,5011157888132,,
https://www.sainsburys.co.uk/gol-ui/product/sainsburys-brown-rice-1kg,,0000000344852,,
https://www.sainsburys.co.uk/gol-ui/product/sainsburys-brown-basmati-rice-1kg,,0000001275926,,
https://www.sainsburys.co.uk/gol-ui/product/tilda-brown-basmati-garden-vegetable---quinoa-wholegrain-rice-250g,,5011157120706,,
https://www.sainsburys.co.uk/gol-ui/product/bens-original-classic-wholegrain-220g,,5010034015098,,
https://www.sainsburys.co.uk/gol-ui/product/sainsburys-basmati---wild-rice-500g,,0000000120913,,
https://www.sainsburys.co.uk/gol-ui/product/sainsburys-brown-rice-500g,,0000000120920,,
https://www.sainsburys.co.uk/gol-ui/product/sainsburys-brown-rice--organic-500g,,0000001383362,,
https://www.sainsburys.co.uk/gol-ui/product/bens-original-wholegrain-spicy-mexican-style-220g,,5010034014206,,
https://www.sainsburys.co.uk/gol-ui/product/bens-original-wholegrain-golden-vegetable-220g,,5010034014220,,
https://www.sainsburys.co.uk/gol-ui/product/tilda-brown-basmati-rice-1kg,,5011157671222,,
https://www.sainsburys.co.uk/gol-ui/product/sainsburys-wholegrain-wild-rice-250g,,0000000313414,,
https://www.sainsburys.co.uk/gol-ui/product/laila-brown-basmati-rice-2kg,,5020580410483,,
https://www.sainsburys.co.uk/gol-ui/product/sainsburys-scottish-porridge-oats-1kg,,0000000358156,,
https://www.sainsburys.co.uk/gol-ui/product/sainsburys-scottish-porridge-oats-15kg,,0000000553179,,
https://www.sainsburys.co.uk/gol-ui/product/dailys-porridge-oats-1kg,,0000000378208,,
https://www.sainsburys.co.uk/gol-ui/product/sainsburys-oat-flakes--organic-750g,,0000000410205,,
https://www.sainsburys.co.uk/gol-ui/product/quaker-oat-so-simple-original--family-pack-22x27g,,5000108675495,,
https://www.sainsburys.co.uk/gol-ui/product/sainsburys-whole--rolled-porridge-oats--taste-the-difference-750g,,0000001273588,,
https://www.sainsburys.co.uk/gol-ui/product/quaker-porridge-oats-1kg,,5000108022152,,
https://www.sainsburys.co.uk/gol-ui/product/scotts-porridge-oats-1kg,,5000108022176,,
https://www.sainsburys.co.uk/gol-ui/product/deliciously-ella-apple-raisin-cinnamon-oat-bars-3x50g,,5060482840179,,
https://www.sainsburys.co.uk/gol-ui/product/quaker-oat-so-simple-golden-syrup--family-pack-20x36g,,5000108686767,,
https://www.sainsburys.co.uk/gol-ui/product/sainsburys-freefrom-oats-450g-7783244-p-44,,0000000227537,,
https://www.sainsburys.co.uk/gol-ui/product/quaker-oat-so-simple-original-porridge-x12-27g,,5000108030614,,
https://www.sainsburys.co.uk/gol-ui/product/nairns-gluten-free-scottish-porridge-oats-450g,,0612322030193,,
https://www.sainsburys.co.uk/gol-ui/product/oss-big-bowl-original-6x385g,,5000108170846,,
https://www.sainsburys.co.uk/gol-ui/product/quaker-jumbo-porridge-oats-1kg,,5000108030904,,
https://www.sainsburys.co.uk/gol-ui/product/quaker-oat-so-simple-golden-syrup-flavour-porridge-x10-36g,,5000108303947,,
https://www.sainsburys.co.uk/gol-ui/product/eat-natural-low-sugar-granola-450g,,5013803001070,,
https://www.sainsburys.co.uk/gol-ui/product/quaker-oat-so-simple-porridge-pot-golden-syrup-flavour-57g,,5000108589945,,
https://www.sainsburys.co.uk/gol-ui/product/quaker-oat-so-simple-porridge-pot-summer-berries-58g,,5000108133971,,
https://www.sainsburys.co.uk/gol-ui/product/sainsburys-ready-oats-750g,,0000000367615,,
https://www.sainsburys.co.uk/gol-ui/product/scotts-old-fashioned-porridge-oats-1kg,,5000108572800,,
https://www.sainsburys.co.uk/gol-ui/product/quaker-oat-so-simple-apple---blueberry-flavour-porridge-x10-36g,,5000108030539,,
https://www.sainsburys.co.uk/gol-ui/product/quaker-oat-so-simple-porridge-pot-original-50g,,5000108703174,,
https://www.sainsburys.co.uk/gol-ui/product/sainsburys-mixed-berries-porridge-pot-57g,,0000000360487,,
https://www.sainsburys.co.uk/gol-ui/product/sainsburys-apple-blueberry-porridge-pot-57g,,0000000360463,,
https://www.sainsburys.co.uk/gol-ui/product/quaker-oat-so-simple-sultana--raisin--cranberry---apple-flavour-porridge-x10-385g,,5000108030591,,
https://www.sainsburys.co.uk/gol-ui/product/oss-big-bowl-golden-syrup-6x496g,,5000108170938,,
https://www.sainsburys.co.uk/gol-ui/product/quaker-oat-so-simple-porridge---apple---blueberry-flavour-57g,,5000108575443,,
https://www.sainsburys.co.uk/gol-ui/product/sainsburys-scottish-oats-with-whitebran---oatbran-1kg,,0000001804690,,
https://www.sainsburys.co.uk/gol-ui/product/ambrosia-ready-to-eat-porridge-original-pot-210g,,5000354919671,,
https://www.sainsburys.co.uk/gol-ui/product/mornflake-superfast-oats-2kg,,5010026505170,,
https://www.sainsburys.co.uk/gol-ui/product/quaker-oat-so-simple-porridge-pot--sweet-cinnamon-flavour-57g,,5000108183778,,
https://www.sainsburys.co.uk/gol-ui/product/quaker-oat-so-simple-sweet-cinnamon-flavour-porridge-x10-33g,,5000108162858,,
https://www.sainsburys.co.uk/gol-ui/product/ambrosia-ready-to-eat-golden-syrup-flavour-porridge-pot-210g,,5000354919688,,
https://www.sainsburys.co.uk/gol-ui/product/quaker-oats-oat-so-simple-pot-original-67g,,5000108706052,,
https://www.sainsburys.co.uk/gol-ui/product/quaker-oats-oat-so-simple-pot-golden-syrup-flavour-76g,,5000108282501,,
https://www.sainsburys.co.uk/gol-ui/product/bio-me-nice-nutty-gluten-free-porridge-58g,,5060853640667,,
https://www.sainsburys.co.uk/gol-ui/product/quaker-oats-oat-so-simple-strawberry--raspberry---cranberry-flavour-porridge-10x339g,,5000108357841,,
https://www.sainsburys.co.uk/gol-ui/product/quaker-oat-so-simple-classic-banana-porridge-x10-348g,,5000108241584,,
https://www.sainsburys.co.uk/gol-ui/product/quaker-rolled-porridge-oats-500g,,5000108022510,,
https://www.sainsburys.co.uk/gol-ui/product/ambrosia-ready-to-eat-porridge-with-raspberry-layer-210g,,5000354919695,,
https://www.sainsburys.co.uk/gol-ui/product/quaker-oat-so-simple-velvety-chocolate-porridge-sachets-10x365g,,5000108252511,,
https://www.sainsburys.co.uk/gol-ui/product/quaker-oat-so-simple-simply-strawberry-porridge-sachets-8x325g,,5000108031192,,
https://www.sainsburys.co.uk/gol-ui/product/quaker-oat-so-simple-golden-syrup-porridge-sachets-6x36g,,5000108031789,,
https://www.sainsburys.co.uk/gol-ui/product/bio-me-spiced-apple-gluten-free-porridge-58g,,5060853640650,,
https://www.sainsburys.co.uk/gol-ui/product/quaker-oat-so-simple-protein-golden-syrup-porridge-pot-63g,,5000108974208,,
https://www.sainsburys.co.uk/gol-ui/product/quaker-oat-so-simple-protein-original-porridge-pot-49g,,5000108973928,,
https://www.sainsburys.co.uk/gol-ui/product/quaker-oat-so-simple-simply-apple-sachets-271g,,5000108031185,,
https://www.sainsburys.co.uk/gol-ui/product/bio-me-oats-plenty-super-seedy-nutty-400g,,5060853640063,,
https://www.sainsburys.co.uk/gol-ui/product/bio-me-oats-plenty-apple-cinnamon-400g,,5060853640056,,
https://www.sainsburys.co.uk/gol-ui/product/sainsburys-hazelnut-chocolate-spread-400g,,0000001647952,,
https://www.sainsburys.co.uk/gol-ui/product/hubbards-foodstore-chocolate-spread-400g,,0000000378284,,
https://www.sainsburys.co.uk/gol-ui/product/hartleys-strawberry-seedless-jam-300g,,5060391624518,,
https://www.sainsburys.co.uk/gol-ui/product/nutella-chocolate-spread-200g,,0000080135463,,
https://www.sainsburys.co.uk/gol-ui/product/lotus-caram-spread-smooth-400g,,5410126116953,,
https://www.sainsburys.co.uk/gol-ui/product/hartleys-strawberry-jam-300g,,5060391624433,,
https://www.sainsburys.co.uk/gol-ui/product/sainsburys-milk-chocolate-spread-chocolate-400g,,0000000659697,,
https://www.sainsburys.co.uk/gol-ui/product/hartleys-best-of-raspberry-seedless-jam-300g,,5060391624532,,
https://www.sainsburys.co.uk/gol-ui/product/cadbury-chocolate-spread-400g,,5000183501108,,
https://www.sainsburys.co.uk/gol-ui/product/bonne-maman-hazelnut-chocolate-spread-360g,,3608580118886,,
https://www.sainsburys.co.uk/gol-ui/product/sainsburys-manuka-runny-honey-227g,,0000000418744,,
https://www.sainsburys.co.uk/gol-ui/product/hartleys-apricot-jam-300g,,5060391624495,,
https://www.sainsburys.co.uk/gol-ui/product/jimjams-83-less-sugar-hazelnut-chocolate-spread-350g,,5060376790047,,
https://www.sainsburys.co.uk/gol-ui/product/natures-store-hazelnut---cocoa-spread-350g,,5060112547508,,
https://www.sainsburys.co.uk/gol-ui/product/meridian-chocca-chocolate-spread-charity-edition-240g,,5060132285190,,
https://www.sainsburys.co.uk/gol-ui/product/lotus-caram-spread-crunchy-380g,,5410126726947,,
https://www.sainsburys.co.uk/gol-ui/product/sainsburys-duo-chocolate-swirl-spread-400g,,0000000155403,,
https://www.sainsburys.co.uk/gol-ui/product/bonne-maman-hazelnut-chocolate-250g,,3608580088486,,
https://www.sainsburys.co.uk/gol-ui/product/rowse-organic-honey-340g,,5011273040209,,
https://www.sainsburys.co.uk/gol-ui/product/marshmallow-fluff-213g,,0052600751219,,
https://www.sainsburys.co.uk/gol-ui/product/sweet-freedom-choc-pot-chocolate-spread-250g,,0000096134856,,
https://www.sainsburys.co.uk/gol-ui/product/bonne-maman-crunchy-hazelnut-chocolate-spread-250g,,3608580124887,,
https://www.sainsburys.co.uk/gol-ui/product/sweet-freedom-original-350g,,0000096036761,,
https://www.sainsburys.co.uk/gol-ui/product/bonne-maman-chocolate-orange-spread-275g,,3608580128427,,
https://www.sainsburys.co.uk/gol-ui/product/crave-notella-225g,,5060844220113,,
https://www.sainsburys.co.uk/gol-ui/product/crave-crunchy-pnot-butter-200g,,5060844220182,,
